State/Territory,Total Doses Distributed,Doses Distributed per 100K,18+ Doses Distributed per 100K,Total Doses Administered by State where Administered,Doses Administered per 100k by State where Administered,18+ Doses Administered by State where Administered,18+ Doses Administered per 100K by State where Administered,People with at least One Dose by State of Residence,Percent of Total Pop with at least One Dose by State of Residence,People 18+ with at least One Dose by State of Residence,Percent of 18+ Pop with at least One Dose by State of Residence,People Fully Vaccinated by State of Residence,Percent of Total Pop Fully Vaccinated by State of Residence,People 18+ Fully Vaccinated by State of Residence,Percent of 18+ Pop Fully Vaccinated by State of Residence,Total Number of Pfizer doses distributed,Total Number of Moderna doses distributed,Total Number of Janssen doses distributed,Total Number of doses from Other manufacturer distributed,Total Number of Janssen doses administered,Total Number of Moderna doses administered,Total Number of Pfizer doses adminstered,Total Number of doses from Other manufacturer administered,People Fully Vaccinated Moderna Resident,People Fully Vaccinated Pfizer Resident,People Fully Vaccinated Janssen Resident,People Fully Vaccinated Other 2-dose manufacturer Resident,People 18+ Fully Vaccinated Moderna Resident,People 18+ Fully Vaccinated Pfizer Resident,People 18+ Fully Vaccinated Janssen Resident,People 18+ Fully Vaccinated Other 2-dose manufacturer Resident,People 65+ with at least One Dose by State of Residence,Percent of 65+ Pop with at least One Dose by State of Residence,People 65+ Fully Vaccinated by State of Residence,Percent of 65+ Pop Fully Vaccinated by State of Residence,People 65+ Fully Vaccinated_Moderna_Resident,People 65+ Fully Vaccinated_Pfizer_Resident,People 65+ Fully Vaccinated_Janssen_Resident,People 65+ Fully Vaccinated_Other 2-dose Manuf_Resident,65+ Doses Administered by State where Administered,Doses Administered per 100k of 65+ pop by State where Administered,Doses Distributed per 100K of 65+ pop,People 12+ with at least One Dose by State of Residence,Percent of 12+ Pop with at least One Dose by State of Residence,People 12+ Fully Vaccinated by State of Residence,Percent of 12+ Pop Fully Vaccinated by State of Residence,People 12+ Fully Vaccinated_Moderna_Resident,People 12+ Fully Vaccinated_Pfizer_Resident,People 12+ Fully Vaccinated_Janssen_Resident,People 12+ Fully Vaccinated_Other 2-dose Manuf_Resident,12+ Doses Administered by State where Administered,Doses Administered per 100k of 12+ pop by State where Administered,Doses Distributed per 100K of 12+ pop,People 5+ with at least One Dose by State of Residence,Percent of 5+ Pop with at least One Dose by State of Residence,People 5+ Fully Vaccinated by State of Residence,Percent of 5+ Pop Fully Vaccinated by State of Residence,People 5+ Fully Vaccinated_Moderna_Resident,People 5+ Fully Vaccinated_Pfizer_Resident,People 5+ Fully Vaccinated_Janssen_Resident,People 5+ Fully Vaccinated_Other 2-dose Manuf_Resident,5+ Doses Administered by State where Administered,Doses Administered per 100k of 5+ pop  by State where Administered,Doses Distributed per 100K of 5+ pop,People with a first booster dose,Percent of fully vaccinated people with a first booster dose,People 12+ with a first booster dose,Percent of fully vaccinated people 12+ with booster doses,People 18+ with a first booster dose,Percent of fully vaccinated people 18+ with a first booster dose,People 65+ with a first booster dose,Percent of fully vaccinated people 65+ with a first booster dose,People with Moderna first booster dose,People with Pfizer first booster dose,People with Janssen first booster dose,People with first booster dose of an Other manufacturer,Total Count People w/First Booster Primary Pfizer Minus TX,Total Count People w/First Booster Primary Moderna Minus TX,Total Count People w/First Booster Primary J&J Minus TX,Total Count People w/First Booster Primary Other Minus TX,Total Count People w/First Booster Booster Pfizer Minus TX,Total Count People w/First Booster Booster Moderna Minus TX,Total Count People w/First Booster Booster J&J Minus TX,Total Count People w/First Booster Booster Other Minus TX,Count People Primary Pfizer First Booster Pfizer,Count People Primary Pfizer First Booster Moderna,Count People Primary Pfizer First Booster J&J,Count People Primary Pfizer Booster Other,Count People Primary Moderna First Booster Pfizer,Count People Primary Moderna First Booster Moderna,Count People Primary Moderna First Booster J&J,Count People Primary Moderna Booster Other,Count People Primary J&J First Booster Pfizer,Count People Primary J&J First Booster Moderna,Count People Primary J&J First Booster J&J,Count People Primary J&J First Booster Other,Count People Primary Other First Booster Pfizer,Count People Primary Other First Booster Moderna,Count People Primary Other First Booster J&J,Count People Primary Other First Booster Other,Percent People Primary Pfizer First Booster Pfizer,Percent People Primary Pfizer First Booster Moderna,Percent People Primary Pfizer First Booster J&J,Percent People Primary Pfizer First Booster Other,Percent People Primary Moderna First Booster Pfizer,Percent People Primary Moderna First Booster Moderna,Percent People Primary Moderna First Booster J&J,Percent People Primary Moderna First Booster Other,Percent People Primary J&J First Booster Pfizer,Percent People Primary J&J First Booster Moderna,Percent People Primary J&J First Booster J&J,Percent People Primary J&J First Booster Other,Percent People Primary Other First Booster Pfizer,Percent People Primary Other First Booster Moderna,Percent People Primary Other First Booster J&J,Percent People Primary Other Booster Other,People with a Second Booster Dose,People 50+ with a Second Booster Dose,Percent of People 50+ with First Booster Dose who Received Second Booster Dose,People 65+ with a Second Booster Dose,Percent of People 65+ with First Booster Dose who Received Second Booster Dose,People with Pfizer Second Booster Dose,People with Moderna Second Booster Dose,People with Janssen Second Booster Dose,People with Second Booster Dose of Other Manufacturer
United States,758129055,228346,293553,592269252,178390,535659030,207411,259198178,78.1,231019476,89.5,221924152,66.8,198247357,76.8,445134235,282063620,30931200,0,18811735,223409934,349460399,587184,77129172,127603112,17026792,165076,77038358,104059460,16994366,155173,57085133,95,50050895,91.3,23853269,23763513,2365581,68532,153479895,280114,1383650,248653384,87.7,213369510,75.3,77122431,119063383,17021651,162045,572618503,201967,267399,259061259,83,221854248,71,77125956,127539797,17023695,164800,592063570,189603,242784,104718138,47.2,104265657,48.9,100238393,50.6,34990716,69.9,44629220,58521335,1531124,36459,52996495,38694870,5743453,N/A,54528873,41542271,1427336,36198,49297112,3649785,35486,14112,3156484,35491282,35466,11638,2024045,2361184,1356021,2203,51232,40020,363,8245,93,6.9,0.1,0,8.2,91.7,0.1,0,35.2,41.1,23.6,0,51.3,40.1,0.4,8.3,16832169,16022912,25.3,11123046,31.8,8756788,8046534,16422,12425
Alaska,1609665,220036,291838,1171773,160178,1048472,190091,513559,70.2,453862,82.3,459810,62.9,406969,73.8,897545,626520,85600,0,46925,453200,670541,1107,161987,255763,41923,137,161544,203540,41757,128,87607,95,79451,86.7,43582,32110,3713,46,236938,258700,1757510,490447,80.5,440200,72.3,161979,236168,41919,134,1127360,185154,264366,513007,75.4,459486,67.5,161983,255445,41921,137,1170889,172072,236554,204412,44.5,203308,46.2,194326,47.7,59388,74.7,89694,111650,3035,33,N/A,N/A,N/A,N/A,N/A,N/A,N/A,N/A,N/A,N/A,N/A,N/A,N/A,N/A,N/A,N/A,N/A,N/A,N/A,N/A,N/A,N/A,N/A,N/A,N/A,N/A,N/A,N/A,N/A,N/A,N/A,N/A,N/A,N/A,N/A,N/A,N/A,N/A,N/A,N/A,N/A,30246,26,19111,32.2,15000,17011,47,7
Alabama,10035640,204676,263066,6402751,130584,5972815,156566,3096313,63.1,2862419,75,2527041,51.5,2349976,61.6,5248980,4388060,398600,0,178977,2792120,3431038,616,1038926,1320554,166818,743,1038412,1144111,166715,738,820080,95,703373,82.8,373663,292192,37053,465,1960356,230674,1180890,3029211,72.4,2481777,59.3,1038904,1275324,166806,743,6286560,150149,239693,3095861,67.2,2526976,54.8,1038922,1320502,166809,743,6402241,138913,217748,918815,36.4,917893,37,900481,38.3,416980,59.3,451307,451347,16003,158,N/A,N/A,N/A,N/A,N/A,N/A,N/A,N/A,N/A,N/A,N/A,N/A,N/A,N/A,N/A,N/A,N/A,N/A,N/A,N/A,N/A,N/A,N/A,N/A,N/A,N/A,N/A,N/A,N/A,N/A,N/A,N/A,N/A,N/A,N/A,N/A,N/A,N/A,N/A,N/A,N/A,107319,15.8,80439,19.3,50402,61512,216,13
Arkansas,6461880,214125,278812,4333404,143595,3954012,170604,2030137,67.3,1826816,78.8,1657535,54.9,1499203,64.7,3487160,2718520,256200,0,124696,1853513,2351017,4178,671781,870068,114273,1413,670544,713971,113694,994,504649,95,425899,81.3,238936,170600,15835,528,1263016,241088,1233460,1962712,76.8,1609430,62.9,671756,822495,114140,1039,4216992,164904,252689,2027614,71.7,1656715,58.6,671767,869394,114150,1404,4330155,153045,228388,671001,40.5,669540,41.6,651035,43.4,279503,65.6,324490,335790,10195,526,N/A,N/A,N/A,N/A,N/A,N/A,N/A,N/A,N/A,N/A,N/A,N/A,N/A,N/A,N/A,N/A,N/A,N/A,N/A,N/A,N/A,N/A,N/A,N/A,N/A,N/A,N/A,N/A,N/A,N/A,N/A,N/A,N/A,N/A,N/A,N/A,N/A,N/A,N/A,N/A,N/A,98072,21.3,74091,26.5,47887,53595,72,81
American Samoa,121410,256182,387458,111347,234949,82858,264426,45464,95,32441,95,41903,88.4,29718,94.8,96110,24700,600,0,576,24815,84761,1195,9481,31241,586,595,9459,19083,585,591,3222,95,2962,90.4,1209,1713,28,12,8815,268914,3703780,39144,95,36054,95,9480,25393,586,595,99098,268435,328873,45453,95,41903,95,9481,31241,586,595,111336,258260,281628,23527,56.1,23511,65.2,20351,68.5,2302,77.7,4748,18777,2,0,N/A,N/A,N/A,N/A,N/A,N/A,N/A,N/A,N/A,N/A,N/A,N/A,N/A,N/A,N/A,N/A,N/A,N/A,N/A,N/A,N/A,N/A,N/A,N/A,N/A,N/A,N/A,N/A,N/A,N/A,N/A,N/A,N/A,N/A,N/A,N/A,N/A,N/A,N/A,N/A,N/A,1030,12.7,478,20.8,842,251,0,0
Arizona,15453620,212312,274074,12537556,172250,11284963,200142,5385348,74,4749165,84.2,4532807,62.3,4033567,71.5,8944200,5898020,611400,0,374196,4908114,7218972,36274,1654613,2532476,336280,9438,1653810,2034815,335684,9258,1317824,95,1141325,87.2,554757,530407,51130,5031,3674755,280809,1180900,5152581,83,4360678,70.3,1654548,2360705,336031,9394,12114884,195211,249009,5384201,78.6,4532480,66.2,1654594,2532407,336041,9438,12536247,183040,225636,1964528,43.3,1957679,44.9,1878775,46.6,732432,64.2,854637,1082593,24805,2493,N/A,N/A,N/A,N/A,N/A,N/A,N/A,N/A,N/A,N/A,N/A,N/A,N/A,N/A,N/A,N/A,N/A,N/A,N/A,N/A,N/A,N/A,N/A,N/A,N/A,N/A,N/A,N/A,N/A,N/A,N/A,N/A,N/A,N/A,N/A,N/A,N/A,N/A,N/A,N/A,N/A,326891,26.3,237317,32.4,191708,151843,516,873
Bureau of Prisons,356830,N/A,N/A,324108,N/A,324106,N/A,148068,N/A,148066,N/A,136150,N/A,136149,N/A,182310,158420,16100,0,14174,148635,161267,32,54593,68064,13493,0,54593,68064,13492,0,4024,0,3707,0,1795,1716,196,0,10726,0,0,148066,0,136149,0,54593,68064,13492,0,324106,0,0,148066,0,136149,0,54593,68064,13492,0,324106,0,0,50139,36.8,50139,36.8,50139,36.8,2594,70,30493,18981,643,22,N/A,N/A,N/A,N/A,N/A,N/A,N/A,N/A,N/A,N/A,N/A,N/A,N/A,N/A,N/A,N/A,N/A,N/A,N/A,N/A,N/A,N/A,N/A,N/A,N/A,N/A,N/A,N/A,N/A,N/A,N/A,N/A,N/A,N/A,N/A,N/A,N/A,N/A,N/A,N/A,N/A,2089,13.2,562,21.7,1053,1331,3,2
California,94114955,238192,307389,77391976,195868,69016858,225416,32682112,82.7,28642619,93.5,28752801,72.8,25224776,82.4,56554475,33820780,3739700,0,2320982,29051536,46004216,15242,9850735,16805608,2091645,4813,9822955,13313862,2083530,4429,5988577,95,5338742,91.4,2697077,2437471,202728,1466,16798718,287742,1612080,31140176,92.6,27454524,81.6,9849918,15508842,2091021,4743,74445022,221258,279719,32642108,87.9,28726400,77.4,9850415,16779920,2091254,4811,77325496,208264,253484,15494774,53.9,15384781,56,14667746,58.1,4112372,77,6574728,8686126,233299,621,N/A,N/A,N/A,N/A,N/A,N/A,N/A,N/A,N/A,N/A,N/A,N/A,N/A,N/A,N/A,N/A,N/A,N/A,N/A,N/A,N/A,N/A,N/A,N/A,N/A,N/A,N/A,N/A,N/A,N/A,N/A,N/A,N/A,N/A,N/A,N/A,N/A,N/A,N/A,N/A,N/A,2422652,29.9,1542892,37.5,1267321,1310654,1934,63
Colorado,13075175,227049,290610,11068356,192201,9981991,221861,4603639,79.9,4077831,90.6,4074356,70.8,3617794,80.4,7778435,4801640,495100,0,343267,4282164,6431596,11329,1448111,2309638,313541,3066,1447451,1854256,313178,2909,870701,95,791350,93.9,377295,384066,29017,972,2544475,302046,1552110,4396526,89.1,3902862,79.1,1448034,2138286,313514,3028,10678248,216331,264891,4601766,84.8,4074250,75.1,1448096,2309573,313522,3059,11066420,203932,240949,2165842,53.2,2155017,55.2,2062129,57,613525,77.5,942516,1195991,26503,832,N/A,N/A,N/A,N/A,N/A,N/A,N/A,N/A,N/A,N/A,N/A,N/A,N/A,N/A,N/A,N/A,N/A,N/A,N/A,N/A,N/A,N/A,N/A,N/A,N/A,N/A,N/A,N/A,N/A,N/A,N/A,N/A,N/A,N/A,N/A,N/A,N/A,N/A,N/A,N/A,N/A,379530,32.6,252184,41.1,219929,181304,315,252
Connecticut,9173725,257307,323264,7832263,219681,7036132,247939,3441487,95,3049198,95,2851549,80,2521357,88.8,5274745,3551780,347200,0,250735,2973196,4607100,1232,963280,1655790,232018,461,962739,1326444,231822,352,758826,95,626599,95,248022,355634,22839,104,2021519,320752,1455580,3295771,95,2729819,87.9,962950,1534476,231935,458,7559477,243387,295360,3439889,95,2851096,84.3,963072,1655625,231939,460,7830267,231420,271125,1495949,52.5,1491806,54.6,1426190,56.6,466268,74.4,676485,801351,18083,30,N/A,N/A,N/A,N/A,N/A,N/A,N/A,N/A,N/A,N/A,N/A,N/A,N/A,N/A,N/A,N/A,N/A,N/A,N/A,N/A,N/A,N/A,N/A,N/A,N/A,N/A,N/A,N/A,N/A,N/A,N/A,N/A,N/A,N/A,N/A,N/A,N/A,N/A,N/A,N/A,N/A,256866,28.5,178039,38.2,143362,120932,82,4
District of Columbia,1984805,281234,343641,1576748,223415,1463745,253427,708100,95,642378,95,535936,75.9,489362,84.7,1208425,704980,71400,0,37828,571500,965654,1766,183009,312253,40080,594,182891,265879,40034,558,104392,95,85939,95,45465,37368,2944,162,297830,340989,2272430,676865,95,514933,84.4,182983,291309,40057,584,1529221,250793,325509,707804,95,535876,81.1,183000,312205,40077,594,1576467,238721,300555,217066,40.5,214847,41.7,207575,42.4,56388,65.6,91253,124122,1579,112,N/A,N/A,N/A,N/A,N/A,N/A,N/A,N/A,N/A,N/A,N/A,N/A,N/A,N/A,N/A,N/A,N/A,N/A,N/A,N/A,N/A,N/A,N/A,N/A,N/A,N/A,N/A,N/A,N/A,N/A,N/A,N/A,N/A,N/A,N/A,N/A,N/A,N/A,N/A,N/A,N/A,31973,30.2,20356,36.1,18560,18174,43,33
Delaware,2474055,254071,321226,1874040,192453,1706822,221610,817443,83.9,737380,95,681136,69.9,614375,79.8,1411655,961700,100700,0,62553,724198,1084930,2359,238841,384154,57394,747,238688,317636,57333,718,214445,95,184435,95,76524,97512,10018,381,580961,307540,1309680,788080,93.8,657662,78.3,238827,360710,57383,742,1819102,216610,294598,817262,88.9,681104,74.1,238830,384137,57390,747,1873835,203889,269198,318845,46.8,317867,48.3,305945,49.8,129458,70.2,136157,177388,5227,73,N/A,N/A,N/A,N/A,N/A,N/A,N/A,N/A,N/A,N/A,N/A,N/A,N/A,N/A,N/A,N/A,N/A,N/A,N/A,N/A,N/A,N/A,N/A,N/A,N/A,N/A,N/A,N/A,N/A,N/A,N/A,N/A,N/A,N/A,N/A,N/A,N/A,N/A,N/A,N/A,N/A,61197,28.1,45618,35.2,32845,30052,60,11
Florida,50061085,233084,290246,38470774,179119,35734276,207182,17179154,80,15774034,91.5,14507397,67.5,13361253,77.5,29086365,18570920,2403800,0,1490304,14283425,22549112,147933,4914103,8182482,1368817,41995,4911677,7041971,1366979,40626,4819362,95,4130349,91.8,1982459,1910344,215355,22191,12787763,284341,1113130,16747280,89.6,14170687,75.8,4913188,7848150,1367945,41404,37678334,201531,267763,17170538,84.4,14505539,71.3,4913346,8182297,1367995,41901,38460923,189109,246146,5984354,41.3,5973092,42.2,5833363,43.7,2621252,63.5,2549531,3318776,107382,8665,N/A,N/A,N/A,N/A,N/A,N/A,N/A,N/A,N/A,N/A,N/A,N/A,N/A,N/A,N/A,N/A,N/A,N/A,N/A,N/A,N/A,N/A,N/A,N/A,N/A,N/A,N/A,N/A,N/A,N/A,N/A,N/A,N/A,N/A,N/A,N/A,N/A,N/A,N/A,N/A,N/A,1000008,23.4,750465,28.6,510157,529956,1685,3294
Georgia,22658795,213411,279271,15284156,143954,13958227,172036,6997284,65.9,6305672,77.7,5868392,55.3,5324438,65.6,12968755,8851040,839000,0,344862,5956540,8939815,42939,2164507,3368280,322744,12861,2163347,2827561,322220,11310,1454191,95,1276726,84.2,695884,542342,35506,2994,3756661,247645,1493700,6776411,75.4,5704636,63.5,2164411,3204980,322598,12647,14879621,165548,252098,6995220,70.2,5868066,58.9,2164460,3368114,322639,12853,15281855,153419,227478,2285451,38.9,2279009,40,2211482,41.5,777702,60.9,1016171,1241349,25829,2102,N/A,N/A,N/A,N/A,N/A,N/A,N/A,N/A,N/A,N/A,N/A,N/A,N/A,N/A,N/A,N/A,N/A,N/A,N/A,N/A,N/A,N/A,N/A,N/A,N/A,N/A,N/A,N/A,N/A,N/A,N/A,N/A,N/A,N/A,N/A,N/A,N/A,N/A,N/A,N/A,N/A,272899,18.8,184166,23.7,140828,148960,308,383
Guam,326460,193757,285008,361088,214310,309838,270497,154815,91.9,129474,95,140593,83.4,119270,95,214580,87780,24100,0,13688,114124,232942,334,40835,88383,11236,139,40816,67090,11225,139,17702,95,16673,95,6810,9185,638,40,51045,317820,2032630,145510,95,133542,95,40834,81335,11234,139,344182,262102,248606,154781,95,140590,92,40834,88382,11235,139,361052,236351,213706,64469,45.9,64343,48.2,60409,50.6,12730,76.4,22953,40052,1460,4,N/A,N/A,N/A,N/A,N/A,N/A,N/A,N/A,N/A,N/A,N/A,N/A,N/A,N/A,N/A,N/A,N/A,N/A,N/A,N/A,N/A,N/A,N/A,N/A,N/A,N/A,N/A,N/A,N/A,N/A,N/A,N/A,N/A,N/A,N/A,N/A,N/A,N/A,N/A,N/A,N/A,7599,23.8,4156,32.6,4609,3308,5,0
Hawaii,3626680,256145,324970,3021612,213410,2712777,243080,1246599,88,1097353,95,1116139,78.8,983373,88.1,2138060,1364020,124600,0,71550,1113187,1836573,302,367944,682536,65636,23,367047,550886,65420,20,273540,95,250594,93.3,110233,128569,11785,7,799094,297672,1350980,1185962,95,1063656,87.8,367885,630142,65606,23,2906949,240024,299451,1244356,93.5,1115132,83.8,367894,681607,65608,23,3019034,226884,272549,588316,52.7,584539,55,558117,56.8,200870,80.2,260014,322027,6269,6,N/A,N/A,N/A,N/A,N/A,N/A,N/A,N/A,N/A,N/A,N/A,N/A,N/A,N/A,N/A,N/A,N/A,N/A,N/A,N/A,N/A,N/A,N/A,N/A,N/A,N/A,N/A,N/A,N/A,N/A,N/A,N/A,N/A,N/A,N/A,N/A,N/A,N/A,N/A,N/A,N/A,121754,33.9,82837,41.2,64519,61318,53,2
Iowa,6940355,219975,285820,5251360,166442,4803025,197800,2155298,68.3,1938816,79.8,1967207,62.4,1773054,73,3957535,2691720,291100,0,179544,2092900,2978318,598,720178,1082700,163892,437,719933,888913,163789,419,552273,95,518858,93.8,272803,231282,14631,142,1626051,294066,1255140,2075036,77.5,1896056,70.8,720155,1011583,163886,432,5095452,190393,259328,2155094,72.8,1967189,66.5,720173,1082689,163890,437,5251162,177438,234516,1059134,53.8,1055985,55.7,1024269,57.8,413740,79.7,477574,567260,14224,76,N/A,N/A,N/A,N/A,N/A,N/A,N/A,N/A,N/A,N/A,N/A,N/A,N/A,N/A,N/A,N/A,N/A,N/A,N/A,N/A,N/A,N/A,N/A,N/A,N/A,N/A,N/A,N/A,N/A,N/A,N/A,N/A,N/A,N/A,N/A,N/A,N/A,N/A,N/A,N/A,N/A,191368,27.4,145078,35.1,101436,94770,68,6
Idaho,3567590,199634,266464,2561404,143330,2304781,172145,1110237,62.1,994378,74.3,996428,55.8,880633,65.8,2009810,1399380,158400,0,88794,952156,1516449,4005,333421,580127,81977,903,333203,464660,81887,883,278650,95,254494,87.6,117332,124500,12310,352,755318,259854,1227370,1071785,71.7,962956,64.4,333409,546695,81958,894,2489810,166497,238570,1110142,66.4,996378,59.6,333412,580102,81961,903,2561270,153290,213518,432595,43.4,431380,44.8,417794,47.4,175464,68.9,183231,242870,6361,133,N/A,N/A,N/A,N/A,N/A,N/A,N/A,N/A,N/A,N/A,N/A,N/A,N/A,N/A,N/A,N/A,N/A,N/A,N/A,N/A,N/A,N/A,N/A,N/A,N/A,N/A,N/A,N/A,N/A,N/A,N/A,N/A,N/A,N/A,N/A,N/A,N/A,N/A,N/A,N/A,N/A,67585,23.5,51074,29.1,38239,31643,69,30
Indian Health Svc,3050495,146460,N/A,2288165,109859,2014394,N/A,1106373,53.1,962883,N/A,879723,42.2,765841,N/A,1595115,1346780,108600,0,41454,1067565,1178974,172,397178,443619,38920,6,396816,330171,38848,6,180514,0,142363,0,80631,58237,3494,1,416859,0,0,1057185,0,842260,0,397088,406273,38893,6,2200676,0,0,1105980,0,879559,0,397103,443556,38894,6,2287581,0,0,286413,32.6,285635,33.9,270446,35.3,73407,51.6,135982,147929,2383,119,N/A,N/A,N/A,N/A,N/A,N/A,N/A,N/A,N/A,N/A,N/A,N/A,N/A,N/A,N/A,N/A,N/A,N/A,N/A,N/A,N/A,N/A,N/A,N/A,N/A,N/A,N/A,N/A,N/A,N/A,N/A,N/A,N/A,N/A,N/A,N/A,N/A,N/A,N/A,N/A,N/A,31330,19.3,17846,24.3,16417,16261,10,21
Illinois,28618545,225844,290427,23201025,183091,20732516,210398,9682248,76.4,8496687,86.2,8754366,69.1,7684569,78,17458305,9990140,1170100,0,683019,8237291,14249457,31258,2833381,5286484,624952,9549,2825524,4227461,622269,9315,1974265,95,1823339,89.2,812621,922839,84018,3861,5655678,276801,1400650,9197586,84.9,8324560,76.8,2833265,4856860,624895,9540,22257092,205365,264062,9670484,81.1,8745866,73.3,2833284,5278140,624898,9544,23180638,194389,239990,4645258,53.1,4618884,55.5,4423266,57.6,1443390,79.2,1865758,2722179,55337,1984,N/A,N/A,N/A,N/A,N/A,N/A,N/A,N/A,N/A,N/A,N/A,N/A,N/A,N/A,N/A,N/A,N/A,N/A,N/A,N/A,N/A,N/A,N/A,N/A,N/A,N/A,N/A,N/A,N/A,N/A,N/A,N/A,N/A,N/A,N/A,N/A,N/A,N/A,N/A,N/A,N/A,738354,27.4,499353,34.6,429971,351214,907,985
Indiana,14070580,209004,272462,10037673,149099,9184735,177852,4204702,62.5,3787646,73.3,3791496,56.3,3438158,66.6,8497980,4958500,614100,0,314411,3622850,6067058,33354,1275937,2218172,288563,8824,1275465,1865835,288232,8626,1023309,94.2,954552,87.9,466777,452254,31498,4023,2941226,270895,1295940,4051877,71,3670891,64.3,1275854,2097737,288528,8772,9747842,170864,246634,4204166,66.6,3791385,60,1275924,2218093,288545,8823,10037119,158969,222852,1804406,47.6,1796128,48.9,1736674,50.5,683719,71.6,699650,1080172,22701,1883,N/A,N/A,N/A,N/A,N/A,N/A,N/A,N/A,N/A,N/A,N/A,N/A,N/A,N/A,N/A,N/A,N/A,N/A,N/A,N/A,N/A,N/A,N/A,N/A,N/A,N/A,N/A,N/A,N/A,N/A,N/A,N/A,N/A,N/A,N/A,N/A,N/A,N/A,N/A,N/A,N/A,245698,20.9,179077,26.2,152707,106230,353,690
Kansas,6324915,217104,285799,4654230,159757,4196377,189618,2124802,72.9,1892636,85.5,1820270,62.5,1624936,73.4,3631175,2436540,257200,0,137990,1779542,2732467,4231,644809,1048010,126685,766,644455,853297,126541,643,495957,95,444665,93.5,208335,217463,18603,264,1297078,272789,1330200,2039679,83.2,1751626,71.4,644778,979442,126669,737,4498291,183477,257981,2124625,77.9,1820249,66.7,644806,1047997,126682,764,4654043,170604,231853,811421,44.6,808532,46.2,778778,47.9,306500,68.9,345940,453978,11262,241,N/A,N/A,N/A,N/A,N/A,N/A,N/A,N/A,N/A,N/A,N/A,N/A,N/A,N/A,N/A,N/A,N/A,N/A,N/A,N/A,N/A,N/A,N/A,N/A,N/A,N/A,N/A,N/A,N/A,N/A,N/A,N/A,N/A,N/A,N/A,N/A,N/A,N/A,N/A,N/A,N/A,122055,23.5,91869,30,69709,55859,134,38
Kentucky,9283075,207783,267925,6667217,149232,6137964,177152,2974671,66.6,2706105,78.1,2581476,57.8,2353619,67.9,5066375,3831300,385400,0,237937,2736012,3690737,2531,985968,1381640,211996,1872,985566,1154481,211826,1746,731940,95,652508,86.9,298460,314253,38932,863,1904153,253696,1236810,2881863,75.7,2505908,65.8,985842,1306253,211960,1853,6495762,170664,243896,2974164,70.9,2581421,61.5,985955,1381622,211973,1871,6665995,158901,221286,1163072,45.1,1160698,46.3,1128544,47.9,452083,69.3,521821,616927,24085,239,N/A,N/A,N/A,N/A,N/A,N/A,N/A,N/A,N/A,N/A,N/A,N/A,N/A,N/A,N/A,N/A,N/A,N/A,N/A,N/A,N/A,N/A,N/A,N/A,N/A,N/A,N/A,N/A,N/A,N/A,N/A,N/A,N/A,N/A,N/A,N/A,N/A,N/A,N/A,N/A,N/A,155642,19.9,112919,25,89597,71587,206,21
Louisiana,8564650,184234,240501,6376317,137161,5914879,166094,2854409,61.4,2607069,73.2,2503099,53.8,2307358,64.8,4733770,3504880,326000,0,200576,2600892,3571598,3251,966365,1353738,181831,1165,965764,1158862,181605,1127,679182,91.7,639889,86.4,304586,312608,22475,220,1834462,247558,1155790,2780213,70.9,2450032,62.4,966329,1300754,181798,1151,6248866,159275,218301,2854002,65.6,2502929,57.6,966350,1353607,181809,1163,6375677,146657,197010,1009060,40.3,1008043,41.1,987982,42.8,422706,66.1,446251,549004,13710,95,N/A,N/A,N/A,N/A,N/A,N/A,N/A,N/A,N/A,N/A,N/A,N/A,N/A,N/A,N/A,N/A,N/A,N/A,N/A,N/A,N/A,N/A,N/A,N/A,N/A,N/A,N/A,N/A,N/A,N/A,N/A,N/A,N/A,N/A,N/A,N/A,N/A,N/A,N/A,N/A,N/A,120359,16.9,88041,20.8,70538,55573,111,2
Massachusetts,17688910,256640,319312,15318285,222246,13741316,248051,6850625,95,6065069,95,5502236,79.8,4856754,87.7,10333790,6734220,620900,0,405636,6025606,8886590,453,1937948,3181175,382890,223,1932481,2542506,381569,198,1444894,95,1150966,95,524563,551812,74513,78,3648258,311995,1512740,6523817,95,5234999,87,1937907,2914013,382860,219,14705921,244417,293995,6842317,95,5496710,84.1,1937939,3175665,382884,222,15304316,234185,270674,2879644,52.3,2862279,54.7,2728944,56.2,824520,71.6,1326638,1525610,27362,34,N/A,N/A,N/A,N/A,N/A,N/A,N/A,N/A,N/A,N/A,N/A,N/A,N/A,N/A,N/A,N/A,N/A,N/A,N/A,N/A,N/A,N/A,N/A,N/A,N/A,N/A,N/A,N/A,N/A,N/A,N/A,N/A,N/A,N/A,N/A,N/A,N/A,N/A,N/A,N/A,N/A,462407,28.9,308797,37.5,240524,243532,198,7
Maryland,16628770,275052,352978,12481777,206458,11101025,235641,5273382,87.2,4614114,95,4615638,76.3,4037300,85.7,10320210,5698960,609600,0,367728,4539342,7555796,18911,1533801,2748963,328079,4795,1533015,2172377,327669,4239,1017826,95,921923,95,439227,426022,55377,1297,2906970,303000,1733250,5012204,95,4389719,85,1533680,2523496,327892,4651,11976803,231979,322083,5272272,92.8,4615461,81.2,1533766,2748866,328038,4791,12480567,219584,292567,2404138,52.1,2387545,54.4,2268776,56.2,706188,76.6,990207,1376834,36004,1093,N/A,N/A,N/A,N/A,N/A,N/A,N/A,N/A,N/A,N/A,N/A,N/A,N/A,N/A,N/A,N/A,N/A,N/A,N/A,N/A,N/A,N/A,N/A,N/A,N/A,N/A,N/A,N/A,N/A,N/A,N/A,N/A,N/A,N/A,N/A,N/A,N/A,N/A,N/A,N/A,N/A,452575,32.8,295562,41.9,246249,233988,605,604
Maine,3593850,267357,328095,2954541,219797,2706901,247122,1229941,91.5,1114303,95,1079500,80.3,974963,89,2018230,1420320,155300,0,144065,1215639,1591006,3831,390039,556430,132118,913,389949,452171,132036,807,336710,95,291192,95,134243,131944,24679,326,941998,330219,1259830,1182973,95,1037429,87.6,390017,514419,132096,897,2863024,241618,303295,1229765,95,1079466,84.3,390032,556422,132099,913,2954346,230687,280622,615734,57,613594,59.1,590478,60.6,229708,78.9,279123,325036,10921,654,N/A,N/A,N/A,N/A,N/A,N/A,N/A,N/A,N/A,N/A,N/A,N/A,N/A,N/A,N/A,N/A,N/A,N/A,N/A,N/A,N/A,N/A,N/A,N/A,N/A,N/A,N/A,N/A,N/A,N/A,N/A,N/A,N/A,N/A,N/A,N/A,N/A,N/A,N/A,N/A,N/A,141346,35.1,101684,44.3,73085,71307,79,157
Marshall Islands,107680,138511,226556,74002,95190,58579,123249,36790,47.3,27037,56.9,29233,37.6,23888,50.3,37280,57800,12600,0,2931,54846,16222,3,20826,5520,2884,3,20780,233,2872,3,1522,40.8,1367,36.6,1240,5,122,0,3671,98365,2885320,31654,55.2,26734,46.6,20816,3034,2881,3,66322,115606,187697,36764,53.1,29222,42.2,20821,5515,2883,3,73966,106890,155611,9872,33.8,9868,36.9,9770,40.9,762,55.7,9398,443,30,1,N/A,N/A,N/A,N/A,N/A,N/A,N/A,N/A,N/A,N/A,N/A,N/A,N/A,N/A,N/A,N/A,N/A,N/A,N/A,N/A,N/A,N/A,N/A,N/A,N/A,N/A,N/A,N/A,N/A,N/A,N/A,N/A,N/A,N/A,N/A,N/A,N/A,N/A,N/A,N/A,N/A,381,12.8,128,16.8,11,475,0,0
Michigan,22335610,223650,284787,16281256,163027,14940180,190492,6727296,67.4,6086721,77.6,6048847,60.6,5474028,69.8,12484390,8903520,947700,0,468353,6429512,9381119,2272,2194359,3430299,423008,1181,2193503,2856818,422658,1049,1714030,95,1570154,88.9,786877,711314,71341,622,4806524,272262,1265190,6482004,75.4,5832070,67.9,2194277,3213656,422975,1162,15808063,183922,259867,6726576,71.4,6048777,64.2,2194335,3430268,422994,1180,16280503,172822,237098,3331267,55.1,3322975,57,3215742,58.7,1212951,77.3,1476385,1806330,48392,160,N/A,N/A,N/A,N/A,N/A,N/A,N/A,N/A,N/A,N/A,N/A,N/A,N/A,N/A,N/A,N/A,N/A,N/A,N/A,N/A,N/A,N/A,N/A,N/A,N/A,N/A,N/A,N/A,N/A,N/A,N/A,N/A,N/A,N/A,N/A,N/A,N/A,N/A,N/A,N/A,N/A,558904,26.1,399688,33,303277,275024,393,24
Minnesota,13331430,236388,307426,10673342,189256,9557341,220394,4259359,75.5,3734628,86.1,3926159,69.6,3444392,79.4,8073710,4752720,505000,0,358145,3880763,6429016,5418,1311160,2283812,329263,1924,1308727,1805142,328686,1837,950545,95,894412,95,377250,466026,50679,457,2873161,312170,1448470,4028674,84.3,3721935,77.9,1311094,2079706,329243,1892,10229478,214091,279012,4253168,80.4,3921763,74.2,1311149,2279447,329248,1919,10662659,201638,252107,2304649,58.7,2294311,61.6,2196156,63.8,746019,83.4,913781,1361283,29094,491,N/A,N/A,N/A,N/A,N/A,N/A,N/A,N/A,N/A,N/A,N/A,N/A,N/A,N/A,N/A,N/A,N/A,N/A,N/A,N/A,N/A,N/A,N/A,N/A,N/A,N/A,N/A,N/A,N/A,N/A,N/A,N/A,N/A,N/A,N/A,N/A,N/A,N/A,N/A,N/A,N/A,460462,33.9,320389,42.9,277020,200390,270,145
Missouri,12111005,197330,254068,9169683,149406,8418854,176613,4089799,66.6,3704970,77.7,3471247,56.6,3153952,66.2,7046745,4632460,431800,0,252741,3324902,5589771,2269,1179324,2052163,238971,789,1178784,1735976,238692,500,1027420,95,907757,85.5,413426,453868,40281,182,2715624,255700,1140360,3950244,75.4,3362590,64.2,1179299,1943616,238939,736,8917487,170320,231315,4089307,70.9,3471196,60.2,1179311,2052144,238955,786,9169199,158930,209920,1506448,43.4,1501420,44.7,1455958,46.2,608053,67,613536,874989,17840,83,N/A,N/A,N/A,N/A,N/A,N/A,N/A,N/A,N/A,N/A,N/A,N/A,N/A,N/A,N/A,N/A,N/A,N/A,N/A,N/A,N/A,N/A,N/A,N/A,N/A,N/A,N/A,N/A,N/A,N/A,N/A,N/A,N/A,N/A,N/A,N/A,N/A,N/A,N/A,N/A,N/A,232014,23,173003,28.5,135115,104530,130,8
Northern Mariana Islands,127430,245762,353236,110104,212347,89265,247443,45624,88,35704,95,43411,83.7,34175,94.7,98110,25720,3600,0,1383,15162,93550,9,5230,37009,1169,3,5229,27774,1169,3,3248,86.5,3125,83.2,503,2502,120,0,8920,237613,3394510,41112,95,39334,93,5230,32932,1169,3,101471,239941,301324,45618,94.8,43411,90.2,5230,37009,1169,3,110098,228884,264916,21447,49.4,21406,54.4,19754,57.8,2389,76.4,4195,17037,215,0,N/A,N/A,N/A,N/A,N/A,N/A,N/A,N/A,N/A,N/A,N/A,N/A,N/A,N/A,N/A,N/A,N/A,N/A,N/A,N/A,N/A,N/A,N/A,N/A,N/A,N/A,N/A,N/A,N/A,N/A,N/A,N/A,N/A,N/A,N/A,N/A,N/A,N/A,N/A,N/A,N/A,682,7.1,295,12.3,700,113,1,0
Mississippi,5779715,194201,253767,3947999,132655,3653940,160432,1785894,60,1629990,71.6,1553558,52.2,1425426,62.6,3215855,2334260,229600,0,94152,1589070,2261406,3371,589686,875532,86862,1478,589303,747958,86754,1411,448603,92.2,411221,84.5,208679,184085,17822,635,1174918,241408,1187550,1742579,69.1,1519300,60.3,589662,841324,86842,1472,3869765,153475,229224,1785714,63.9,1553526,55.6,589678,875520,86850,1478,3947803,141363,206960,591324,38.1,590646,38.9,578959,40.6,261447,63.6,273757,308422,8304,841,N/A,N/A,N/A,N/A,N/A,N/A,N/A,N/A,N/A,N/A,N/A,N/A,N/A,N/A,N/A,N/A,N/A,N/A,N/A,N/A,N/A,N/A,N/A,N/A,N/A,N/A,N/A,N/A,N/A,N/A,N/A,N/A,N/A,N/A,N/A,N/A,N/A,N/A,N/A,N/A,N/A,69305,15.8,51109,19.5,34118,38362,81,188
Montana,2068495,193538,246194,1629077,152424,1503173,178909,702046,65.7,637864,75.9,611197,57.2,557791,66.4,1112295,850900,105300,0,61700,686559,878471,2347,239235,315977,55450,535,239087,262812,55369,523,198386,95,178925,86.7,86167,82361,10149,248,539838,261503,1002000,678080,73.9,592291,64.5,239211,297104,55442,534,1585696,172809,225425,701907,69.7,611168,60.7,239219,315969,55445,535,1628900,161658,205285,296570,48.5,296104,50,288773,51.8,127123,71,138864,152104,5203,399,N/A,N/A,N/A,N/A,N/A,N/A,N/A,N/A,N/A,N/A,N/A,N/A,N/A,N/A,N/A,N/A,N/A,N/A,N/A,N/A,N/A,N/A,N/A,N/A,N/A,N/A,N/A,N/A,N/A,N/A,N/A,N/A,N/A,N/A,N/A,N/A,N/A,N/A,N/A,N/A,N/A,48816,24.1,37556,29.5,27002,23610,88,67
North Carolina,23068300,219948,281755,17173974,163747,15627544,190874,8965529,85.5,8132647,95,6537109,62.3,5909685,72.2,13411040,8721360,935900,0,520928,6411360,10240735,951,2271165,3778623,487152,169,2267927,3155957,485638,163,2271819,95,1648187,94.1,786166,806412,55541,68,4717109,269381,1317370,8666149,95,6313717,70.3,2271040,3555386,487123,168,16633976,185120,256728,8960242,90.7,6534182,66.1,2271120,3775759,487135,168,17165749,173772,233525,1776704,27.2,1767956,28,1705896,28.9,654793,39.7,773003,974436,29228,37,N/A,N/A,N/A,N/A,N/A,N/A,N/A,N/A,N/A,N/A,N/A,N/A,N/A,N/A,N/A,N/A,N/A,N/A,N/A,N/A,N/A,N/A,N/A,N/A,N/A,N/A,N/A,N/A,N/A,N/A,N/A,N/A,N/A,N/A,N/A,N/A,N/A,N/A,N/A,N/A,N/A,197827,17.2,136567,20.9,101985,103732,130,6
North Dakota,1449600,190221,249119,1126108,147771,1030364,177072,503239,66,456732,78.5,426275,55.9,387652,66.6,840680,555720,53200,0,39828,418006,667947,327,146453,243126,36681,15,146236,204879,36523,14,122356,95,104186,86.9,48971,50819,4390,6,312614,260849,1209560,484785,76.1,411528,64.6,146447,228393,36673,15,1089046,170899,227479,502732,71,426025,60.2,146449,242887,36674,15,1125338,158955,204757,185707,43.6,185287,45,180453,46.6,73076,70.1,78970,104214,2514,9,N/A,N/A,N/A,N/A,N/A,N/A,N/A,N/A,N/A,N/A,N/A,N/A,N/A,N/A,N/A,N/A,N/A,N/A,N/A,N/A,N/A,N/A,N/A,N/A,N/A,N/A,N/A,N/A,N/A,N/A,N/A,N/A,N/A,N/A,N/A,N/A,N/A,N/A,N/A,N/A,N/A,16998,14,12596,17.2,9808,7908,4,1
Nebraska,4155010,214795,284915,3290082,170082,2963244,203194,1368008,70.7,1209993,83,1238135,64,1097550,75.3,2550430,1453880,150700,0,95568,1178647,2008504,7363,418284,729008,89005,1838,418046,588898,88909,1697,310818,95,289801,92.7,140561,141251,7034,955,910973,291551,1329780,1307146,80.8,1185454,73.3,418235,676431,88979,1809,3173771,196226,256893,1367672,75.8,1238062,68.6,418260,728979,88989,1834,3289654,182401,230382,637342,51.5,634910,53.6,610108,55.6,225798,77.9,248182,381559,6992,609,N/A,N/A,N/A,N/A,N/A,N/A,N/A,N/A,N/A,N/A,N/A,N/A,N/A,N/A,N/A,N/A,N/A,N/A,N/A,N/A,N/A,N/A,N/A,N/A,N/A,N/A,N/A,N/A,N/A,N/A,N/A,N/A,N/A,N/A,N/A,N/A,N/A,N/A,N/A,N/A,N/A,97410,25,70436,31.2,63486,38158,85,157
New Hampshire,3717200,273382,336563,2633073,193649,2405023,217756,1212787,89.2,1100169,95,969705,71.3,882140,79.9,2231460,1305940,179800,0,88892,981250,1562782,149,347673,542338,79579,115,347411,455087,79535,107,314545,95,251860,95,103396,132671,15745,48,748305,294766,1464250,1171073,95,938892,78.3,347570,511640,79567,115,2559765,213568,310137,1212255,93.5,969509,74.8,347572,542253,79569,115,2632368,203101,286801,454500,46.9,453331,48.3,435622,49.4,154532,61.4,192260,254384,7821,35,N/A,N/A,N/A,N/A,N/A,N/A,N/A,N/A,N/A,N/A,N/A,N/A,N/A,N/A,N/A,N/A,N/A,N/A,N/A,N/A,N/A,N/A,N/A,N/A,N/A,N/A,N/A,N/A,N/A,N/A,N/A,N/A,N/A,N/A,N/A,N/A,N/A,N/A,N/A,N/A,N/A,68783,23.5,47474,30.7,38212,32404,58,25
New Jersey,22999055,258935,331226,17666186,198894,15868016,228527,8096663,91.2,7196053,95,6779034,76.3,6006082,86.5,13733375,8283680,982000,0,579583,6673339,10409323,3941,2334154,3924347,518669,1864,2333329,3152789,518278,1686,1633583,95,1386578,94,645346,647209,93716,307,4120048,279224,1558690,7761049,95,6497202,85.3,2334056,3642836,518569,1741,17048115,223776,301889,8095050,95,6778819,81,2334119,3924240,518608,1852,17664509,211109,274862,3297245,48.6,3286076,50.6,3142484,52.3,960826,69.3,1389184,1840328,67610,123,N/A,N/A,N/A,N/A,N/A,N/A,N/A,N/A,N/A,N/A,N/A,N/A,N/A,N/A,N/A,N/A,N/A,N/A,N/A,N/A,N/A,N/A,N/A,N/A,N/A,N/A,N/A,N/A,N/A,N/A,N/A,N/A,N/A,N/A,N/A,N/A,N/A,N/A,N/A,N/A,N/A,439503,23.3,297662,31,236742,223380,677,14
New Mexico,4663645,222414,287703,4066113,193917,3652819,225345,1860095,88.7,1637519,95,1506364,71.8,1328126,81.9,2654245,1821100,188300,0,120509,1652905,2282367,10332,569371,823826,110773,2394,568867,646310,110611,2338,435750,95,361777,95,170060,169134,21428,1155,1104599,292527,1235060,1775962,95,1442705,80.7,569299,760271,110754,2381,3923446,219502,260913,1859827,94.1,1506299,76.2,569353,823790,110763,2393,4065822,205777,236033,763825,50.7,759812,52.7,724701,54.6,252818,69.9,318542,434055,10906,322,N/A,N/A,N/A,N/A,N/A,N/A,N/A,N/A,N/A,N/A,N/A,N/A,N/A,N/A,N/A,N/A,N/A,N/A,N/A,N/A,N/A,N/A,N/A,N/A,N/A,N/A,N/A,N/A,N/A,N/A,N/A,N/A,N/A,N/A,N/A,N/A,N/A,N/A,N/A,N/A,N/A,143495,31.6,99272,39.3,80352,69714,233,125
Nevada,6199210,201263,259651,5016725,162872,4592080,192337,2338698,75.9,2115816,88.6,1889883,61.4,1715945,71.9,3817610,2122300,259300,0,188495,1722897,3104805,528,609872,1106728,173208,75,609759,932955,173159,72,510638,95,423457,85.4,194269,202920,26223,45,1274675,257005,1249910,2270550,86.6,1836621,70.1,609866,1053477,173203,75,4892776,186619,236448,2338579,80.8,1889864,65.3,609867,1106718,173204,75,5016607,173310,214166,746785,39.5,745182,40.6,723588,42.2,269814,63.7,303478,430853,12445,9,N/A,N/A,N/A,N/A,N/A,N/A,N/A,N/A,N/A,N/A,N/A,N/A,N/A,N/A,N/A,N/A,N/A,N/A,N/A,N/A,N/A,N/A,N/A,N/A,N/A,N/A,N/A,N/A,N/A,N/A,N/A,N/A,N/A,N/A,N/A,N/A,N/A,N/A,N/A,N/A,N/A,112843,23.6,81159,30.1,63378,53086,40,3
New York State,47824655,245840,310041,40151915,206399,36457688,236351,17675059,90.9,15856063,95,15105604,77.6,13520975,87.7,28999955,16915700,1909000,0,1441283,14546848,24138138,25646,5046630,8792506,1259179,7289,5043457,7213497,1257933,6088,3510991,95,3075904,93.3,1446958,1439013,187774,2159,9276858,281446,1450930,16984285,95,14512905,86.5,5045902,8201309,1258957,6737,38845173,231590,285125,17672080,95,15104976,82.4,5046495,8792213,1259066,7202,40148166,219071,260958,6998770,46.3,6976371,48.1,6712754,49.6,2099531,68.3,2953647,3926470,117873,780,N/A,N/A,N/A,N/A,N/A,N/A,N/A,N/A,N/A,N/A,N/A,N/A,N/A,N/A,N/A,N/A,N/A,N/A,N/A,N/A,N/A,N/A,N/A,N/A,N/A,N/A,N/A,N/A,N/A,N/A,N/A,N/A,N/A,N/A,N/A,N/A,N/A,N/A,N/A,N/A,N/A,937759,23.3,655494,31.2,506492,476374,1515,160
Ohio,24229955,207287,265939,18279491,156381,16802270,184416,7434406,63.6,6728082,73.8,6865123,58.7,6227089,68.3,14115015,9123340,991600,0,629157,6956819,10672969,20546,2401067,3904516,554255,5285,2400378,3267606,553976,5129,1900647,92.9,1799266,87.9,812624,892572,91572,2498,5508048,269168,1184080,7168781,71.7,6632419,66.3,2401027,3671890,554239,5263,17768992,177677,242283,7433823,67.6,6865068,62.4,2401058,3904478,554247,5285,18278901,166198,220307,3643713,53.1,3634069,54.8,3519800,56.5,1383419,76.9,1534906,2047927,59898,982,N/A,N/A,N/A,N/A,N/A,N/A,N/A,N/A,N/A,N/A,N/A,N/A,N/A,N/A,N/A,N/A,N/A,N/A,N/A,N/A,N/A,N/A,N/A,N/A,N/A,N/A,N/A,N/A,N/A,N/A,N/A,N/A,N/A,N/A,N/A,N/A,N/A,N/A,N/A,N/A,N/A,583871,24.4,424377,30.7,328186,278593,765,361
Oklahoma,7590030,191814,252602,6030308,152397,5543791,184502,2835321,71.7,2581163,85.9,2288009,57.8,2080603,69.2,4068150,3193980,327900,0,155609,2436274,3435309,3116,864781,1277640,145021,567,864455,1070732,144925,491,687939,95,564161,88.8,286524,256636,20824,177,1676877,264020,1195030,2757650,82.9,2226434,67,864751,1216138,145003,542,5889380,177112,228256,2835001,76.6,2287954,61.8,864762,1277620,145006,566,6029952,162908,205056,871757,38.1,870142,39.1,847728,40.7,355112,62.9,396765,462395,12190,407,N/A,N/A,N/A,N/A,N/A,N/A,N/A,N/A,N/A,N/A,N/A,N/A,N/A,N/A,N/A,N/A,N/A,N/A,N/A,N/A,N/A,N/A,N/A,N/A,N/A,N/A,N/A,N/A,N/A,N/A,N/A,N/A,N/A,N/A,N/A,N/A,N/A,N/A,N/A,N/A,N/A,107577,18.2,81938,23.1,54670,56487,100,301
Oregon,10544885,250013,314662,8043434,190705,7301177,217869,3307871,78.4,2954636,88.2,2958269,70.1,2652892,79.2,6098325,3982760,463800,0,276977,3009734,4738905,17818,1008796,1695193,248277,6003,1005805,1394034,247409,5644,762556,95,704081,91.9,317970,331874,52668,1569,2204712,287791,1376470,3164885,86.8,2842347,77.9,1008792,1579297,248274,5984,7771525,213049,289078,3303857,82.8,2955622,74.1,1008795,1692549,248276,6002,8036672,201424,264288,1619474,54.7,1609473,56.6,1541498,58.1,545699,77.5,680795,913480,24292,907,N/A,N/A,N/A,N/A,N/A,N/A,N/A,N/A,N/A,N/A,N/A,N/A,N/A,N/A,N/A,N/A,N/A,N/A,N/A,N/A,N/A,N/A,N/A,N/A,N/A,N/A,N/A,N/A,N/A,N/A,N/A,N/A,N/A,N/A,N/A,N/A,N/A,N/A,N/A,N/A,N/A,329579,35.4,233006,42.7,186113,157595,269,71
Pennsylvania,32071025,250516,315431,23703213,185153,21620212,212643,10990467,85.8,9944217,95,8880605,69.4,8025572,78.9,18223765,12306660,1540600,0,785596,9172053,13744111,1453,3177331,4973508,729076,690,3174736,4121746,728455,635,2764110,95,2308670,95,1085785,1130806,91778,301,6940539,289991,1340000,10588292,95,8552179,77.2,3177007,4645515,728970,687,22942198,207031,289410,10986790,90.8,8879131,73.4,3177204,4972219,729019,689,23698078,195786,264961,3865803,43.5,3850104,45,3715323,46.3,1491506,64.6,1682231,2121394,62093,85,N/A,N/A,N/A,N/A,N/A,N/A,N/A,N/A,N/A,N/A,N/A,N/A,N/A,N/A,N/A,N/A,N/A,N/A,N/A,N/A,N/A,N/A,N/A,N/A,N/A,N/A,N/A,N/A,N/A,N/A,N/A,N/A,N/A,N/A,N/A,N/A,N/A,N/A,N/A,N/A,N/A,604865,23.6,440963,29.6,315982,312526,325,8
Puerto Rico,7698950,241067,293745,7333703,229631,6449242,246064,3048972,95,2646132,95,2667387,83.5,2313171,88.3,4770730,2712620,215600,0,152691,2783109,4397587,316,959679,1567872,139702,134,959280,1214283,139538,70,700120,95,609041,89.6,301644,283746,23632,19,1821919,268065,1132770,2874763,95,2518378,88.4,959625,1418975,139668,110,7007903,246039,270300,3048505,95,2667289,86.7,959653,1567822,139680,134,7333158,238383,250274,1583780,59.4,1582138,62.8,1457144,63,430582,70.7,627613,944554,11588,25,N/A,N/A,N/A,N/A,N/A,N/A,N/A,N/A,N/A,N/A,N/A,N/A,N/A,N/A,N/A,N/A,N/A,N/A,N/A,N/A,N/A,N/A,N/A,N/A,N/A,N/A,N/A,N/A,N/A,N/A,N/A,N/A,N/A,N/A,N/A,N/A,N/A,N/A,N/A,N/A,N/A,158384,19.1,98801,22.9,88554,74729,176,1
Republic of Palau,46290,214982,279141,48404,224800,42253,254797,20463,95,17523,95,18219,84.6,15724,94.8,12490,30000,3800,0,2351,37139,8785,129,12692,3108,2356,63,12692,613,2356,63,1871,93.9,1806,90.7,1540,37,227,2,5200,261044,2323800,19053,95,17166,92.1,12692,2055,2356,63,45863,245980,248270,20460,95,18218,89.4,12692,3107,2356,63,48400,237569,227212,11672,64.1,11592,67.5,10943,69.6,1552,85.9,10673,999,0,0,N/A,N/A,N/A,N/A,N/A,N/A,N/A,N/A,N/A,N/A,N/A,N/A,N/A,N/A,N/A,N/A,N/A,N/A,N/A,N/A,N/A,N/A,N/A,N/A,N/A,N/A,N/A,N/A,N/A,N/A,N/A,N/A,N/A,N/A,N/A,N/A,N/A,N/A,N/A,N/A,N/A,733,15.5,270,17.4,12,749,0,0
Rhode Island,2701925,255052,316064,2284689,215667,2074021,242614,1058558,95,941864,95,885608,83.6,784836,91.8,1572725,1040100,89100,0,65922,873959,1342824,1984,295850,528464,60776,518,295705,427898,60747,486,223409,95,192185,95,85905,99297,6821,162,595602,318425,1444520,1010804,95,844901,91.1,295835,487780,60775,511,2210473,238328,291315,1058349,95,885559,88.1,295846,528421,60775,517,2284539,227354,268891,483619,54.6,481946,57,462059,58.9,150636,78.4,203386,274947,5204,82,N/A,N/A,N/A,N/A,N/A,N/A,N/A,N/A,N/A,N/A,N/A,N/A,N/A,N/A,N/A,N/A,N/A,N/A,N/A,N/A,N/A,N/A,N/A,N/A,N/A,N/A,N/A,N/A,N/A,N/A,N/A,N/A,N/A,N/A,N/A,N/A,N/A,N/A,N/A,N/A,N/A,77594,27.2,53444,35.5,43595,38574,133,28
South Carolina,10981675,213290,271990,7712591,149796,7129030,176569,3512060,68.2,3205998,79.4,2962906,57.5,2709794,67.1,5908335,4615940,457400,0,233573,2998960,4477854,2204,1056147,1696892,209448,419,1053895,1446701,208791,407,964292,95,827194,88.3,353942,441610,31412,230,2432621,259612,1171980,3408355,77.1,2880918,65.2,1055973,1615131,209397,417,7527881,170315,248456,3508983,72.3,2961133,61,1056070,1695246,209400,417,7707632,158716,226135,1210080,40.8,1207746,41.9,1177489,43.5,534206,64.6,518475,668426,22659,520,N/A,N/A,N/A,N/A,N/A,N/A,N/A,N/A,N/A,N/A,N/A,N/A,N/A,N/A,N/A,N/A,N/A,N/A,N/A,N/A,N/A,N/A,N/A,N/A,N/A,N/A,N/A,N/A,N/A,N/A,N/A,N/A,N/A,N/A,N/A,N/A,N/A,N/A,N/A,N/A,N/A,160722,18.5,121999,22.8,92160,73843,151,12
South Dakota,1967865,222443,294786,1456433,164632,1318842,197562,685419,77.5,613031,91.8,551774,62.4,494856,74.1,1089665,786300,91900,0,41875,567564,846853,141,200843,311455,39434,42,200767,254649,39399,41,179661,95,148356,95,73142,70134,5057,23,434867,286340,1295750,658264,89.2,530078,71.8,200839,289769,39428,42,1406769,190593,266612,685348,83.2,551762,67,200841,311449,39430,42,1456359,176852,238966,234891,42.6,234367,44.2,227085,45.9,95995,64.7,105022,126865,2987,17,N/A,N/A,N/A,N/A,N/A,N/A,N/A,N/A,N/A,N/A,N/A,N/A,N/A,N/A,N/A,N/A,N/A,N/A,N/A,N/A,N/A,N/A,N/A,N/A,N/A,N/A,N/A,N/A,N/A,N/A,N/A,N/A,N/A,N/A,N/A,N/A,N/A,N/A,N/A,N/A,N/A,36956,23.3,28602,29.8,20758,17187,17,2
Tennessee,13464230,197158,253129,10194895,149284,9496816,178541,4274137,62.6,3924799,73.8,3750399,54.9,3454870,65,7784090,5161540,518600,0,267888,3905927,5953334,67746,1330468,2169241,237464,13226,1329774,1874982,237141,12973,1060899,92.8,972659,85.1,483315,446645,36092,6607,3045831,266385,1177570,4161318,71.3,3656703,62.7,1330406,2075767,237406,13124,9982037,171055,230727,4273347,66.6,3750240,58.4,1330450,2169143,237424,13223,10193916,158770,209705,1683414,44.9,1679327,45.9,1640627,47.5,675524,69.5,708476,947517,22681,4740,N/A,N/A,N/A,N/A,N/A,N/A,N/A,N/A,N/A,N/A,N/A,N/A,N/A,N/A,N/A,N/A,N/A,N/A,N/A,N/A,N/A,N/A,N/A,N/A,N/A,N/A,N/A,N/A,N/A,N/A,N/A,N/A,N/A,N/A,N/A,N/A,N/A,N/A,N/A,N/A,N/A,258954,22.6,187693,27.8,147936,124810,592,2592
Texas,64103835,221079,296831,47941117,165338,42237184,195578,21475211,74.1,18502568,85.7,18006026,62.1,15790001,73.1,38399355,23065480,2639000,0,1583039,17521700,28830987,5391,6154439,10479182,1371125,1280,6148705,8271130,1368988,1178,3707074,95,3290643,88.1,1559190,1550796,180241,416,10126865,271190,1716660,20379659,84.6,17265256,71.6,6153559,9739819,1370645,1233,45982944,190792,265979,21468830,79.5,18004506,66.7,6153914,10478482,1370831,1279,47933320,177498,237378,7059407,39.2,7031880,40.7,6758702,42.8,2178767,66.2,3045838,3910802,102492,275,N/A,N/A,N/A,N/A,N/A,N/A,N/A,N/A,N/A,N/A,N/A,N/A,N/A,N/A,N/A,N/A,N/A,N/A,N/A,N/A,N/A,N/A,N/A,N/A,N/A,N/A,N/A,N/A,N/A,N/A,N/A,N/A,N/A,N/A,N/A,N/A,N/A,N/A,N/A,N/A,N/A,773765,18.6,520447,23.9,405482,419309,315,25
Utah,6533050,203778,287196,5305941,165503,4608417,202588,2323951,72.5,1975633,86.8,2071821,64.6,1773440,78,4070790,2212660,249600,0,185368,1842335,3277898,340,670317,1230716,170773,15,669814,933058,170556,12,378465,95,344959,94.3,148329,179638,16988,4,1037802,283652,1785610,2193268,84.6,1966879,75.9,670238,1125900,170727,14,5067885,195501,252022,2323338,78.5,2071694,70,670292,1230647,170740,15,5305226,179342,220849,938164,45.3,936335,47.6,892147,50.3,259771,75.3,356643,568838,12675,8,N/A,N/A,N/A,N/A,N/A,N/A,N/A,N/A,N/A,N/A,N/A,N/A,N/A,N/A,N/A,N/A,N/A,N/A,N/A,N/A,N/A,N/A,N/A,N/A,N/A,N/A,N/A,N/A,N/A,N/A,N/A,N/A,N/A,N/A,N/A,N/A,N/A,N/A,N/A,N/A,N/A,82752,17.2,57255,22,55171,35058,284,6
Virginia,20532985,240559,307625,16948298,198562,15123132,226575,7377332,86.4,6493140,95,6306081,73.9,5538458,83,12416385,7327500,789100,0,509955,6020851,10406537,10955,2040525,3803749,457769,4038,2034401,3045297,455303,3457,1482402,95,1283572,94.5,596645,612417,73413,1097,4014080,295391,1510990,7020862,95,6005216,82.2,2040227,3504324,456849,3816,16262904,222567,281005,7368292,91.8,6300240,78.5,2040381,3798161,457665,4033,16932980,210870,255702,3043178,48.3,3024050,50.4,2883179,52.1,948722,73.9,1246854,1750399,44999,926,N/A,N/A,N/A,N/A,N/A,N/A,N/A,N/A,N/A,N/A,N/A,N/A,N/A,N/A,N/A,N/A,N/A,N/A,N/A,N/A,N/A,N/A,N/A,N/A,N/A,N/A,N/A,N/A,N/A,N/A,N/A,N/A,N/A,N/A,N/A,N/A,N/A,N/A,N/A,N/A,N/A,482178,27.2,325099,34.3,270296,240554,639,243
Veterans Health,8359320,N/A,N/A,7593067,N/A,7589503,N/A,3489673,N/A,3487639,N/A,2966154,N/A,2964675,N/A,3657540,4075180,626600,0,256087,3921726,3415214,40,1455402,1276895,233855,2,1455339,1275521,233813,2,1703435,0,1514933,0,827791,610461,76680,1,4060840,0,0,3489551,0,2966077,0,1455378,1276849,233848,2,7592868,0,0,3489567,0,2966083,0,1455379,1276853,233849,2,7592890,0,0,1176467,39.7,1176461,39.7,1176386,39.7,767970,50.7,623107,532151,21209,0,N/A,N/A,N/A,N/A,N/A,N/A,N/A,N/A,N/A,N/A,N/A,N/A,N/A,N/A,N/A,N/A,N/A,N/A,N/A,N/A,N/A,N/A,N/A,N/A,N/A,N/A,N/A,N/A,N/A,N/A,N/A,N/A,N/A,N/A,N/A,N/A,N/A,N/A,N/A,N/A,N/A,179553,16.8,144527,18.8,86806,94301,44,0
Virgin Islands,155060,145884,190241,148267,139493,138538,169971,70586,66.4,65432,80.3,57255,53.9,53081,65.1,110620,41440,3000,0,2332,44495,101440,0,15939,39190,2120,6,15905,35057,2113,6,19332,94.4,15505,75.7,6191,8739,571,4,42667,208355,757203,69093,77.3,56136,62.8,15929,38084,2117,6,145665,162891,173397,70516,70.8,57229,57.4,15931,39175,2117,6,148170,148729,155645,18124,31.7,18112,32.3,17697,33.3,7537,48.6,6095,11881,146,2,N/A,N/A,N/A,N/A,N/A,N/A,N/A,N/A,N/A,N/A,N/A,N/A,N/A,N/A,N/A,N/A,N/A,N/A,N/A,N/A,N/A,N/A,N/A,N/A,N/A,N/A,N/A,N/A,N/A,N/A,N/A,N/A,N/A,N/A,N/A,N/A,N/A,N/A,N/A,N/A,N/A,1703,12.7,1077,14.3,1083,694,1,0
Vermont,1885890,302231,369794,1455554,233266,1308413,256560,588463,94.3,521109,95,510684,81.8,450798,88.4,1075470,737620,72800,0,53726,571536,829407,885,180429,282422,47561,272,180354,222710,47481,253,144887,95,128754,95,62481,63448,2668,157,431382,344998,1508240,558619,95,484302,87.9,180407,256079,47545,271,1396640,253497,342298,588126,95,510669,85.8,180428,282412,47557,272,1455219,244597,316985,315395,61.8,313491,64.7,296593,65.8,105934,82.3,134445,176395,4537,18,N/A,N/A,N/A,N/A,N/A,N/A,N/A,N/A,N/A,N/A,N/A,N/A,N/A,N/A,N/A,N/A,N/A,N/A,N/A,N/A,N/A,N/A,N/A,N/A,N/A,N/A,N/A,N/A,N/A,N/A,N/A,N/A,N/A,N/A,N/A,N/A,N/A,N/A,N/A,N/A,N/A,58971,30.9,42278,39.9,32726,28339,41,1
Washington,18660495,245053,313525,14938650,196177,13463262,226204,6196666,81.4,5504935,92.5,5566022,73.1,4945916,83.1,11098495,6797700,764300,0,490693,5602498,8832334,13125,1910959,3195707,454737,4619,1910057,2577091,454341,4427,1254805,95,1150807,95,520838,568857,59202,1910,3649136,301651,1542540,5919416,91.1,5324036,81.9,1910858,2953921,454686,4571,14392212,221387,287044,6195167,86.5,5565832,77.8,1910934,3195574,454709,4615,14937020,208664,260679,2985944,53.6,2958342,55.6,2826254,57.1,896315,77.9,1274750,1671583,38455,1156,N/A,N/A,N/A,N/A,N/A,N/A,N/A,N/A,N/A,N/A,N/A,N/A,N/A,N/A,N/A,N/A,N/A,N/A,N/A,N/A,N/A,N/A,N/A,N/A,N/A,N/A,N/A,N/A,N/A,N/A,N/A,N/A,N/A,N/A,N/A,N/A,N/A,N/A,N/A,N/A,N/A,571793,34.8,386854,43.2,315589,286715,573,245
Wisconsin,12207845,209669,267961,10591765,181913,9668049,212212,4207779,72.3,3771119,82.8,3843762,66,3449677,75.7,7187145,4567900,452800,0,336095,4051009,6201727,2934,1344937,2196401,301400,1024,1344526,1803029,301162,960,1050358,95,982022,95,469180,481727,30757,358,3191637,313754,1200090,4039029,80.8,3692742,73.9,1344889,2045472,301368,1013,10262974,205268,244167,4207117,76.6,3843657,70,1344925,2196329,301384,1019,10591143,192849,222287,2197617,57.2,2190248,59.3,2114395,61.3,801732,81.6,906323,1263662,27467,165,N/A,N/A,N/A,N/A,N/A,N/A,N/A,N/A,N/A,N/A,N/A,N/A,N/A,N/A,N/A,N/A,N/A,N/A,N/A,N/A,N/A,N/A,N/A,N/A,N/A,N/A,N/A,N/A,N/A,N/A,N/A,N/A,N/A,N/A,N/A,N/A,N/A,N/A,N/A,N/A,N/A,418523,29.9,305765,38.1,238513,192448,187,30
West Virginia,4263545,237902,297613,2786266,155471,2606796,181965,1172889,65.4,1082412,75.6,1039546,58,962706,67.2,2384925,1711420,167200,0,67710,1203773,1513029,1754,426421,551290,61361,474,425955,475039,61282,430,343907,93.7,313119,85.3,160771,142516,9641,191,933377,254319,1161690,1144344,73.5,1017229,65.3,426324,529100,61342,463,2735266,175581,273684,1172447,69,1039307,61.2,426345,551145,61344,473,2785532,163939,250926,483626,46.5,482989,47.5,472043,49,212442,67.8,227460,250955,5130,81,N/A,N/A,N/A,N/A,N/A,N/A,N/A,N/A,N/A,N/A,N/A,N/A,N/A,N/A,N/A,N/A,N/A,N/A,N/A,N/A,N/A,N/A,N/A,N/A,N/A,N/A,N/A,N/A,N/A,N/A,N/A,N/A,N/A,N/A,N/A,N/A,N/A,N/A,N/A,N/A,N/A,76213,22,56913,26.8,41658,37660,56,8
Wyoming,1016985,175718,228523,759520,131233,705138,158449,338492,58.5,310885,69.9,296656,51.3,272955,61.3,519045,449540,48400,0,28899,335119,394807,695,120541,149190,26774,151,120513,125546,26750,146,93107,93.9,83929,84.6,43070,36840,3954,65,239909,241895,1025400,329508,67.1,289217,58.9,120539,141758,26770,150,743035,151417,207243,338456,62.2,296649,54.5,120540,149187,26771,151,759480,139654,187005,130171,43.9,129951,44.9,126759,46.4,57683,68.7,60471,67784,1857,59,N/A,N/A,N/A,N/A,N/A,N/A,N/A,N/A,N/A,N/A,N/A,N/A,N/A,N/A,N/A,N/A,N/A,N/A,N/A,N/A,N/A,N/A,N/A,N/A,N/A,N/A,N/A,N/A,N/A,N/A,N/A,N/A,N/A,N/A,N/A,N/A,N/A,N/A,N/A,N/A,N/A,19612,21.5,15160,26.3,10207,10039,16,12
